Top pages,Clicks,Impressions,CTR,Position
http://www.printnpack.ie/,71,2613,2.72%,4.88
https://www.printnpack.ie/,40,1011,3.96%,22.57
https://www.printnpack.ie/products/printed-napkins,10,283,3.53%,29.2
https://www.printnpack.ie/plain-packaging/120075,8,127,6.3%,21.23
https://www.printnpack.ie/contact,7,458,1.53%,17.07
https://www.printnpack.ie/custom-pizza-boxes-ireland,6,633,0.95%,20.78
https://www.printnpack.ie/products?category=Food Packaging,5,136,3.68%,25.82
https://www.printnpack.ie/vinyl-stickers,4,1127,0.35%,34.61
https://www.printnpack.ie/correx-boards,4,236,1.69%,20.99
https://www.printnpack.ie/products?category=Branded Items,4,166,2.41%,15.7
https://www.printnpack.ie/services,4,161,2.48%,11.35
https://www.printnpack.ie/rubber-stamps,3,411,0.73%,26.1
https://www.printnpack.ie/about,3,145,2.07%,8.04
https://www.printnpack.ie/plain-packaging/120064,3,21,14.29%,10
https://www.printnpack.ie/plain-packaging/120376,3,8,37.5%,6
https://www.printnpack.ie/eco-bagasse-burger-boxes,2,110,1.82%,20.31
https://printnpack.ie/rubber-stamps,2,103,1.94%,22.57
https://www.printnpack.ie/plain-packaging/120254,2,37,5.41%,20.46
https://printnpack.ie/plain-packaging/210004,2,2,100%,1
https://www.printnpack.ie/posters,1,458,0.22%,47.57
https://www.printnpack.ie/roll-up-banners,1,251,0.4%,29.08
https://www.printnpack.ie/products,1,187,0.53%,15.05
https://www.printnpack.ie/blog/packaging-prices-ireland-covid-shipping,1,110,0.91%,6.81
https://www.printnpack.ie/products/premium-linen-feel-napkins,1,110,0.91%,28.15
https://www.printnpack.ie/services/posters,1,108,0.93%,49.14
"https://www.printnpack.ie/products?group=packaging&category=Hospitality 
Products",1,37,2.7%,14.97
https://www.printnpack.ie/products?category=Wide Format,1,29,3.45%,5.52
https://printnpack.ie/plain-packaging/120764,1,26,3.85%,10.23
https://www.printnpack.ie/plain-packaging/10360,1,15,6.67%,9.47
https://www.printnpack.ie/plain-packaging/120307,1,6,16.67%,10.33
https://printnpack.ie/plain-packaging/1095523,1,5,20%,3.8
https://www.printnpack.ie/plain-packaging/2000642h,1,5,20%,8.2
https://printnpack.ie/plain-packaging/102240,1,4,25%,5.75
https://www.printnpack.ie/plain-packaging/120201,1,4,25%,5.75
https://www.printnpack.ie/plain-packaging/210047,1,4,25%,16
https://printnpack.ie/plain-packaging/10356,1,2,50%,4
https://www.printnpack.ie/plain-packaging/wecftt,1,2,50%,6
https://www.printnpack.ie/plain-packaging/10830,1,2,50%,7
https://www.printnpack.ie/plain-packaging/10848,1,2,50%,10.5
https://www.printnpack.ie/plain-packaging/220009,1,2,50%,11
https://www.printnpack.ie/plain-packaging/103495,1,2,50%,17.5
https://www.printnpack.ie/plain-packaging/20106,1,1,100%,1
https://www.printnpack.ie/plain-packaging/104294,1,1,100%,2
https://www.printnpack.ie/plain-packaging/1038700,1,1,100%,3
https://printnpack.ie/plain-packaging/120064,1,1,100%,16
https://www.printnpack.ie/vinyl-banners,0,439,0%,59.62
https://www.printnpack.ie/products/flat-handle-paper-bags,0,242,0%,53.36
https://www.printnpack.ie/products?category=Retail Packaging,0,163,0%,27.8
https://www.printnpack.ie/products/leaflets-a4,0,156,0%,56.37
https://www.printnpack.ie/products/posters,0,153,0%,53.18
https://www.printnpack.ie/foamex-boards,0,151,0%,39.35
https://www.printnpack.ie/products/leaflets-a5,0,141,0%,43.17
https://www.printnpack.ie/plain-packaging,0,99,0%,34.68
https://www.printnpack.ie/products/leaflets-a6,0,93,0%,41.28
https://www.printnpack.ie/products/leaflets-a3,0,89,0%,52.99
https://www.printnpack.ie/clothing,0,72,0%,33.35
https://www.printnpack.ie/products/foamex-boards,0,60,0%,27.1
https://www.printnpack.ie/products?category=Eco-Friendly Packaging,0,56,0%,32.8
https://www.printnpack.ie/quote,0,49,0%,10.51
https://printnpack.ie/clothing,0,47,0%,28.21
https://printnpack.ie/blog/eps-polystyrene-packaging-ireland-legal-2025,0,46,0%,21.26
https://www.printnpack.ie/products/twisted-handle-paper-bags,0,44,0%,34.32
https://www.printnpack.ie/products/sos-grab-bags,0,42,0%,13.67
https://www.printnpack.ie/products/correx-boards,0,32,0%,41.62
https://www.printnpack.ie/plain-packaging/120764,0,31,0%,12.81
https://www.printnpack.ie/plain-packaging/140044,0,24,0%,5.62
https://www.printnpack.ie/products?group=leaflets,0,24,0%,23.79
https://www.printnpack.ie/blog/eps-polystyrene-packaging-ireland-legal-2025,0,23,0%,5.52
https://www.printnpack.ie/plain-packaging/120762,0,22,0%,16.36
https://www.printnpack.ie/plain-packaging/120090,0,20,0%,8.7
https://printnpack.ie/plain-packaging/100367,0,19,0%,6.79
https://www.printnpack.ie/plain-packaging/310036,0,18,0%,4.72
https://www.printnpack.ie/plain-packaging/140032,0,18,0%,9.78
https://printnpack.ie/plain-packaging/140044,0,17,0%,7.24
https://printnpack.ie/plain-packaging/140001,0,17,0%,7.82
https://printnpack.ie/plain-packaging/102215,0,17,0%,8.59
https://www.printnpack.ie/plain-packaging/120185,0,17,0%,9.35
https://www.printnpack.ie/plain-packaging/10857,0,15,0%,7.33
https://www.printnpack.ie/plain-packaging/120015,0,15,0%,9.93
https://www.printnpack.ie/blog/paper-bags-with-logo-ireland,0,14,0%,18.86
https://www.printnpack.ie/plain-packaging/10500,0,13,0%,9.54
https://www.printnpack.ie/plain-packaging/140061,0,13,0%,13.15
"https://www.printnpack.ie/products?group=packaging&category=Eco-Friendly 
Packaging",0,13,0%,16.46
https://www.printnpack.ie/services/leaflets,0,12,0%,2.5
https://printnpack.ie/plain-packaging/120762,0,12,0%,7.92
https://www.printnpack.ie/plain-packaging/100419,0,12,0%,11.5
https://www.printnpack.ie/plain-packaging/l8mj1503,0,11,0%,7.36
https://www.printnpack.ie/plain-packaging/10821,0,11,0%,8.73
https://www.printnpack.ie/plain-packaging/200036,0,11,0%,9.73
https://www.printnpack.ie/plain-packaging/120091,0,11,0%,10.27
https://www.printnpack.ie/plain-packaging/210053,0,10,0%,4.9
https://www.printnpack.ie/plain-packaging/101020,0,10,0%,7
https://www.printnpack.ie/plain-packaging/190005,0,10,0%,9.8
https://www.printnpack.ie/plain-packaging/120074,0,10,0%,27.8
https://www.printnpack.ie/plain-packaging/10984496,0,9,0%,4.89
https://www.printnpack.ie/plain-packaging/310000,0,9,0%,4.89
https://www.printnpack.ie/plain-packaging/310001,0,9,0%,5.33
https://printnpack.ie/plain-packaging/140066,0,9,0%,6.67
https://www.printnpack.ie/plain-packaging/170001,0,9,0%,6.78
https://printnpack.ie/plain-packaging/310000,0,9,0%,7.33
https://printnpack.ie/plain-packaging/120015,0,9,0%,8.11
https://www.printnpack.ie/plain-packaging/160003,0,9,0%,22.56
https://www.printnpack.ie/products?group=packaging&category=Food Packaging,0,9,0%,28.11
https://www.printnpack.ie/plain-packaging/120133,0,8,0%,4.88
https://www.printnpack.ie/plain-packaging/310034,0,8,0%,6.38
https://www.printnpack.ie/services/vinyls,0,8,0%,6.88
https://printnpack.ie/plain-packaging/120026,0,8,0%,7.12
https://www.printnpack.ie/plain-packaging/10877,0,8,0%,7.12
https://www.printnpack.ie/plain-packaging/109551,0,8,0%,8.12
https://www.printnpack.ie/plain-packaging/120140,0,8,0%,8.5
https://www.printnpack.ie/plain-packaging/120174,0,8,0%,9
https://www.printnpack.ie/plain-packaging/120295,0,8,0%,10.12
https://www.printnpack.ie/plain-packaging/109560,0,8,0%,10.5
https://www.printnpack.ie/plain-packaging/220002,0,8,0%,14.75
https://www.printnpack.ie/plain-packaging/140010,0,8,0%,44.25
https://printnpack.ie/plain-packaging/310002,0,7,0%,5.29
https://www.printnpack.ie/plain-packaging/120012,0,7,0%,7
https://www.printnpack.ie/plain-packaging/170078,0,7,0%,7.86
https://www.printnpack.ie/plain-packaging/199982,0,7,0%,8.29
https://www.printnpack.ie/plain-packaging/100277,0,7,0%,8.43
https://www.printnpack.ie/plain-packaging/109451,0,7,0%,9.43
https://www.printnpack.ie/plain-packaging/10935,0,7,0%,9.71
https://www.printnpack.ie/plain-packaging/140011,0,7,0%,11.71
https://www.printnpack.ie/plain-packaging/120283,0,7,0%,13.43
https://www.printnpack.ie/plain-packaging/120303,0,6,0%,4.83
https://www.printnpack.ie/plain-packaging/310037,0,6,0%,5
https://www.printnpack.ie/services/menus,0,6,0%,5.17
https://www.printnpack.ie/blog,0,6,0%,5.67
https://www.printnpack.ie/plain-packaging/100477,0,6,0%,6.17
https://www.printnpack.ie/plain-packaging/120285,0,6,0%,6.33
https://printnpack.ie/plain-packaging/160009,0,6,0%,6.67
https://www.printnpack.ie/plain-packaging/160009,0,6,0%,7
https://www.printnpack.ie/plain-packaging/120100,0,6,0%,7.17
https://www.printnpack.ie/plain-packaging/130022,0,6,0%,7.5
https://printnpack.ie/plain-packaging/120271,0,6,0%,7.67
https://www.printnpack.ie/plain-packaging/100154,0,6,0%,7.67
https://www.printnpack.ie/plain-packaging/109561,0,6,0%,7.67
https://www.printnpack.ie/plain-packaging/10882,0,6,0%,8.33
https://www.printnpack.ie/plain-packaging/120704,0,6,0%,8.5
https://printnpack.ie/plain-packaging/200003,0,6,0%,8.67
https://www.printnpack.ie/plain-packaging/310035,0,6,0%,8.67
https://www.printnpack.ie/plain-packaging/100400,0,6,0%,9.17
https://www.printnpack.ie/plain-packaging/100215,0,6,0%,9.5
https://www.printnpack.ie/plain-packaging/1081427,0,6,0%,9.67
https://www.printnpack.ie/plain-packaging/100029,0,6,0%,10.17
https://www.printnpack.ie/plain-packaging/120272,0,6,0%,11.5
https://www.printnpack.ie/plain-packaging/220018,0,6,0%,12.67
https://printnpack.ie/plain-packaging/120254,0,6,0%,34.83
https://www.printnpack.ie/plain-packaging/1081421,0,6,0%,86.5
https://printnpack.ie/plain-packaging/160039,0,5,0%,2
https://www.printnpack.ie/plain-packaging/100268,0,5,0%,3.6
https://www.printnpack.ie/plain-packaging/120302,0,5,0%,3.8
https://www.printnpack.ie/plain-packaging/140001,0,5,0%,4.8
https://www.printnpack.ie/plain-packaging/1206653,0,5,0%,5
https://www.printnpack.ie/plain-packaging/199998,0,5,0%,5.6
https://www.printnpack.ie/plain-packaging/l8tp200,0,5,0%,5.6
https://www.printnpack.ie/plain-packaging/120275,0,5,0%,6.2
https://www.printnpack.ie/plain-packaging/102240,0,5,0%,6.6
https://www.printnpack.ie/plain-packaging/l8cfb400,0,5,0%,6.8
https://www.printnpack.ie/plain-packaging/20954,0,5,0%,7.4
https://www.printnpack.ie/plain-packaging/160007,0,5,0%,7.6
https://www.printnpack.ie/plain-packaging/20283,0,5,0%,7.8
https://www.printnpack.ie/plain-packaging/120171,0,5,0%,8
https://printnpack.ie/plain-packaging/102350,0,5,0%,8.4
https://www.printnpack.ie/plain-packaging/122091,0,5,0%,8.4
https://www.printnpack.ie/plain-packaging/220019,0,5,0%,8.4
https://www.printnpack.ie/plain-packaging/10841,0,5,0%,8.6
https://www.printnpack.ie/plain-packaging/120139,0,5,0%,8.8
https://www.printnpack.ie/plain-packaging/310003,0,5,0%,9.6
https://printnpack.ie/plain-packaging/230009,0,5,0%,9.8
https://www.printnpack.ie/plain-packaging/230008,0,5,0%,10.4
https://www.printnpack.ie/plain-packaging/100216,0,5,0%,11.8
https://www.printnpack.ie/plain-packaging/120261,0,5,0%,12.8
https://www.printnpack.ie/plain-packaging/120186,0,5,0%,22.8
https://www.printnpack.ie/plain-packaging/10145doyrd,0,5,0%,53.4
https://www.printnpack.ie/plain-packaging/200038,0,4,0%,3.5
https://www.printnpack.ie/plain-packaging/120257,0,4,0%,4.25
https://printnpack.ie/plain-packaging/2111,0,4,0%,4.5
https://www.printnpack.ie/plain-packaging/10959,0,4,0%,4.5
https://www.printnpack.ie/plain-packaging/l8mj1502,0,4,0%,5
https://printnpack.ie/plain-packaging/1022310,0,4,0%,5.25
https://printnpack.ie/plain-packaging/20001,0,4,0%,5.5
https://printnpack.ie/plain-packaging/160034,0,4,0%,5.75
https://www.printnpack.ie/plain-packaging/100360,0,4,0%,5.75
https://www.printnpack.ie/plain-packaging/109125,0,4,0%,5.75
https://printnpack.ie/plain-packaging/200034,0,4,0%,6
https://www.printnpack.ie/plain-packaging/130008,0,4,0%,6
https://www.printnpack.ie/plain-packaging/199990,0,4,0%,6
https://www.printnpack.ie/plain-packaging/120135,0,4,0%,6.25
https://www.printnpack.ie/plain-packaging/l8cfw400,0,4,0%,6.75
https://www.printnpack.ie/plain-packaging/109292,0,4,0%,7
https://www.printnpack.ie/plain-packaging/1095523,0,4,0%,7.25
https://www.printnpack.ie/plain-packaging/200001,0,4,0%,7.25
https://printnpack.ie/plain-packaging/ctpk7,0,4,0%,7.5
https://www.printnpack.ie/plain-packaging/120134,0,4,0%,7.5
https://www.printnpack.ie/plain-packaging/150003,0,4,0%,7.75
https://printnpack.ie/plain-packaging/130026,0,4,0%,8.5
https://printnpack.ie/plain-packaging/200026,0,4,0%,8.5
https://www.printnpack.ie/plain-packaging/10428,0,4,0%,8.5
https://www.printnpack.ie/plain-packaging/12170,0,4,0%,8.5
https://www.printnpack.ie/plain-packaging/140092,0,4,0%,8.5
https://www.printnpack.ie/plain-packaging/170045,0,4,0%,8.5
https://www.printnpack.ie/plain-packaging/120045,0,4,0%,9
https://www.printnpack.ie/plain-packaging/l8dnow-d,0,4,0%,9
https://www.printnpack.ie/plain-packaging/109549,0,4,0%,9.25
https://www.printnpack.ie/plain-packaging/1206660,0,4,0%,9.5
https://www.printnpack.ie/plain-packaging/120159,0,4,0%,9.75
https://www.printnpack.ie/plain-packaging/199991,0,4,0%,11
https://www.printnpack.ie/plain-packaging/20100,0,4,0%,11
https://www.printnpack.ie/plain-packaging/cl8wl,0,4,0%,11.25
https://www.printnpack.ie/plain-packaging/100315,0,4,0%,11.75
https://www.printnpack.ie/plain-packaging/150007,0,4,0%,12.5
https://www.printnpack.ie/plain-packaging/100313,0,4,0%,41
https://www.printnpack.ie/plain-packaging/140076,0,4,0%,49.75
https://www.printnpack.ie/plain-packaging/20960,0,4,0%,50.25
https://printnpack.ie/plain-packaging/310035,0,3,0%,2.33
https://printnpack.ie/plain-packaging/l8cfb400,0,3,0%,2.67
https://www.printnpack.ie/plain-packaging/10984497,0,3,0%,3
https://www.printnpack.ie/plain-packaging/100378,0,3,0%,3.33
https://www.printnpack.ie/plain-packaging/109124,0,3,0%,3.67
https://www.printnpack.ie/plain-packaging/120330,0,3,0%,3.67
https://printnpack.ie/plain-packaging/120162,0,3,0%,4
https://printnpack.ie/plain-packaging/200032,0,3,0%,4
https://www.printnpack.ie/plain-packaging/12148,0,3,0%,4
https://www.printnpack.ie/plain-packaging/150008,0,3,0%,4
https://www.printnpack.ie/plain-packaging/160025,0,3,0%,4.67
https://printnpack.ie/plain-packaging/120303,0,3,0%,5
https://www.printnpack.ie/plain-packaging/120163,0,3,0%,5.33
https://www.printnpack.ie/plain-packaging/160039,0,3,0%,5.33
https://www.printnpack.ie/plain-packaging/2093,0,3,0%,5.33
https://www.printnpack.ie/plain-packaging/310032,0,3,0%,5.33
https://printnpack.ie/plain-packaging/120045,0,3,0%,5.67
https://www.printnpack.ie/plain-packaging/20001,0,3,0%,5.67
https://www.printnpack.ie/plain-packaging/10356,0,3,0%,6
https://www.printnpack.ie/plain-packaging/10945,0,3,0%,6.33
https://printnpack.ie/plain-packaging/109451,0,3,0%,6.67
https://www.printnpack.ie/plain-packaging/120488,0,3,0%,6.67
https://printnpack.ie/plain-packaging/170054,0,3,0%,7
https://www.printnpack.ie/plain-packaging/10427,0,3,0%,7
https://www.printnpack.ie/plain-packaging/10951802,0,3,0%,7
https://www.printnpack.ie/plain-packaging/120379,0,3,0%,7
https://printnpack.ie/plain-packaging/10932,0,3,0%,7.33
https://www.printnpack.ie/plain-packaging/1022310,0,3,0%,7.33
https://www.printnpack.ie/plain-packaging/10885,0,3,0%,7.33
https://www.printnpack.ie/plain-packaging/120327,0,3,0%,7.33
https://www.printnpack.ie/plain-packaging/20286,0,3,0%,7.33
https://www.printnpack.ie/plain-packaging/230005,0,3,0%,7.33
https://www.printnpack.ie/plain-packaging/10931,0,3,0%,7.67
https://printnpack.ie/plain-packaging/140076,0,3,0%,8
https://www.printnpack.ie/plain-packaging/105463,0,3,0%,8
https://www.printnpack.ie/plain-packaging/10932,0,3,0%,8
https://www.printnpack.ie/plain-packaging/120591,0,3,0%,8
https://printnpack.ie/plain-packaging/120327,0,3,0%,8.33
https://www.printnpack.ie/plain-packaging/102215,0,3,0%,8.33
https://www.printnpack.ie/plain-packaging/200033,0,3,0%,8.33
https://www.printnpack.ie/plain-packaging/220021,0,3,0%,8.33
https://www.printnpack.ie/plain-packaging/l8cfb150,0,3,0%,8.33
https://printnpack.ie/plain-packaging/103073,0,3,0%,8.67
https://printnpack.ie/plain-packaging/109551,0,3,0%,8.67
https://printnpack.ie/plain-packaging/120231,0,3,0%,8.67
https://www.printnpack.ie/plain-packaging/103084,0,3,0%,8.67
https://www.printnpack.ie/plain-packaging/120481,0,3,0%,8.67
https://www.printnpack.ie/plain-packaging/140093,0,3,0%,8.67
https://www.printnpack.ie/plain-packaging/2006660,0,3,0%,8.67
https://www.printnpack.ie/plain-packaging/210082,0,3,0%,8.67
https://www.printnpack.ie/plain-packaging/220022,0,3,0%,8.67
https://printnpack.ie/plain-packaging/1081425,0,3,0%,9
https://printnpack.ie/plain-packaging/109560,0,3,0%,9
https://printnpack.ie/plain-packaging/310036,0,3,0%,9
https://www.printnpack.ie/plain-packaging/160065,0,3,0%,9
https://www.printnpack.ie/plain-packaging/190002,0,3,0%,9
https://printnpack.ie/plain-packaging/120242,0,3,0%,9.33
https://printnpack.ie/plain-packaging/140092,0,3,0%,9.33
https://www.printnpack.ie/plain-packaging/123301,0,3,0%,9.33
https://printnpack.ie/plain-packaging/140094,0,3,0%,10
https://www.printnpack.ie/plain-packaging/100178,0,3,0%,10
https://www.printnpack.ie/plain-packaging/140013,0,3,0%,10
https://www.printnpack.ie/plain-packaging/210023,0,3,0%,10.33
https://printnpack.ie/plain-packaging/120275,0,3,0%,10.67
https://www.printnpack.ie/plain-packaging/100276,0,3,0%,11
https://www.printnpack.ie/plain-packaging/10984482,0,3,0%,11
https://printnpack.ie/plain-packaging/10959,0,3,0%,11.33
https://www.printnpack.ie/plain-packaging/140040,0,3,0%,11.33
https://www.printnpack.ie/plain-packaging/220001,0,3,0%,11.33
https://www.printnpack.ie/plain-packaging/100253,0,3,0%,12
https://www.printnpack.ie/plain-packaging/220029,0,3,0%,12.67
https://printnpack.ie/plain-packaging/20954,0,3,0%,14
https://printnpack.ie/plain-packaging/200035,0,3,0%,15
https://printnpack.ie/plain-packaging/140032,0,3,0%,16.33
https://www.printnpack.ie/products/roll-up-banner-stands,0,3,0%,18
https://www.printnpack.ie/plain-packaging/110027,0,3,0%,19.33
https://www.printnpack.ie/plain-packaging/120260,0,3,0%,20.67
https://printnpack.ie/plain-packaging/120039,0,3,0%,22.33
https://printnpack.ie/plain-packaging/120076,0,3,0%,24.67
https://www.printnpack.ie/images/pizza-boxes/PIZZA_BOX_6.jpg,0,3,0%,36
https://www.printnpack.ie/plain-packaging/120026,0,3,0%,99
https://www.printnpack.ie/plain-packaging/120289,0,2,0%,2.5
https://printnpack.ie/plain-packaging/120334,0,2,0%,3
https://www.printnpack.ie/plain-packaging/20285,0,2,0%,3
https://printnpack.ie/plain-packaging/100306,0,2,0%,3.5
https://www.printnpack.ie/plain-packaging/160006,0,2,0%,3.5
https://printnpack.ie/plain-packaging/10939,0,2,0%,4
https://printnpack.ie/plain-packaging/20107,0,2,0%,4
https://www.printnpack.ie/plain-packaging/100367,0,2,0%,4
https://www.printnpack.ie/plain-packaging/170047,0,2,0%,4
https://www.printnpack.ie/plain-packaging/180016,0,2,0%,4
https://www.printnpack.ie/plain-packaging/200026,0,2,0%,4
https://printnpack.ie/plain-packaging/100103,0,2,0%,4.5
https://www.printnpack.ie/plain-packaging/10824,0,2,0%,4.5
https://www.printnpack.ie/plain-packaging/100381,0,2,0%,5
https://www.printnpack.ie/plain-packaging/100431,0,2,0%,5
https://www.printnpack.ie/plain-packaging/10721ck,0,2,0%,5
https://www.printnpack.ie/plain-packaging/ctsq375,0,2,0%,5
https://printnpack.ie/plain-packaging/122180,0,2,0%,5.5
https://www.printnpack.ie/plain-packaging/100335,0,2,0%,5.5
https://www.printnpack.ie/plain-packaging/105003,0,2,0%,5.5
https://www.printnpack.ie/plain-packaging/120269,0,2,0%,5.5
https://www.printnpack.ie/plain-packaging/120284,0,2,0%,5.5
https://www.printnpack.ie/plain-packaging/120328,0,2,0%,5.5
https://printnpack.ie/plain-packaging/100335,0,2,0%,6
https://printnpack.ie/plain-packaging/10984490,0,2,0%,6
https://printnpack.ie/plain-packaging/120185,0,2,0%,6
https://printnpack.ie/plain-packaging/220034,0,2,0%,6
https://www.printnpack.ie/plain-packaging/100072,0,2,0%,6
https://www.printnpack.ie/plain-packaging/100397,0,2,0%,6
https://www.printnpack.ie/plain-packaging/103233,0,2,0%,6
https://www.printnpack.ie/plain-packaging/10859,0,2,0%,6
https://www.printnpack.ie/plain-packaging/310033,0,2,0%,6
https://printnpack.ie/plain-packaging/1206643,0,2,0%,6.5
https://printnpack.ie/plain-packaging/310033,0,2,0%,6.5
https://www.printnpack.ie/plain-packaging/100334,0,2,0%,6.5
https://printnpack.ie/plain-packaging/160058,0,2,0%,7
https://www.printnpack.ie/plain-packaging/1081425,0,2,0%,7
https://www.printnpack.ie/plain-packaging/109291,0,2,0%,7
https://www.printnpack.ie/plain-packaging/160008,0,2,0%,7
https://www.printnpack.ie/plain-packaging/200006,0,2,0%,7
https://www.printnpack.ie/plain-packaging/210034,0,2,0%,7
https://www.printnpack.ie/plain-packaging/l8cfb120,0,2,0%,7
https://www.printnpack.ie/plain-packaging/pb12rd,0,2,0%,7
https://printnpack.ie/plain-packaging/120488,0,2,0%,7.5
https://www.printnpack.ie/plain-packaging/120044,0,2,0%,7.5
https://www.printnpack.ie/plain-packaging/120076,0,2,0%,7.5
https://www.printnpack.ie/plain-packaging/120172,0,2,0%,7.5
https://www.printnpack.ie/plain-packaging/120262,0,2,0%,7.5
https://www.printnpack.ie/plain-packaging/1206661,0,2,0%,7.5
https://www.printnpack.ie/plain-packaging/130029,0,2,0%,7.5
https://www.printnpack.ie/plain-packaging/170050,0,2,0%,7.5
https://www.printnpack.ie/plain-packaging/180007,0,2,0%,7.5
https://www.printnpack.ie/plain-packaging/l8dmj,0,2,0%,7.5
https://printnpack.ie/plain-packaging/109549,0,2,0%,8
https://printnpack.ie/plain-packaging/20960,0,2,0%,8
https://www.printnpack.ie/plain-packaging/100350,0,2,0%,8
https://www.printnpack.ie/plain-packaging/122094ck,0,2,0%,8
https://www.printnpack.ie/plain-packaging/122096,0,2,0%,8
https://www.printnpack.ie/plain-packaging/140086,0,2,0%,8
https://printnpack.ie/plain-packaging/220019,0,2,0%,8.5
https://www.printnpack.ie/plain-packaging/100260,0,2,0%,8.5
https://www.printnpack.ie/plain-packaging/100271,0,2,0%,8.5
https://www.printnpack.ie/plain-packaging/100456,0,2,0%,8.5
https://www.printnpack.ie/plain-packaging/122091ck,0,2,0%,8.5
https://www.printnpack.ie/plain-packaging/150009,0,2,0%,8.5
https://www.printnpack.ie/plain-packaging/170037,0,2,0%,8.5
https://www.printnpack.ie/plain-packaging/clsb1300,0,2,0%,8.5
https://printnpack.ie/plain-packaging/10928,0,2,0%,9
https://printnpack.ie/plain-packaging/10984494,0,2,0%,9
https://printnpack.ie/plain-packaging/170043,0,2,0%,9
https://printnpack.ie/plain-packaging/180010,0,2,0%,9
https://printnpack.ie/plain-packaging/200001,0,2,0%,9
https://printnpack.ie/plain-packaging/l8cfb150,0,2,0%,9
https://www.printnpack.ie/plain-packaging/100338,0,2,0%,9
https://www.printnpack.ie/plain-packaging/107067,0,2,0%,9
https://www.printnpack.ie/plain-packaging/120268,0,2,0%,9
https://www.printnpack.ie/plain-packaging/120331,0,2,0%,9
https://www.printnpack.ie/plain-packaging/130016,0,2,0%,9
https://www.printnpack.ie/plain-packaging/200034,0,2,0%,9
https://www.printnpack.ie/plain-packaging/200035,0,2,0%,9
https://printnpack.ie/plain-packaging/120259,0,2,0%,9.5
https://printnpack.ie/plain-packaging/170047,0,2,0%,9.5
https://www.printnpack.ie/plain-packaging/104394,0,2,0%,9.5
https://www.printnpack.ie/plain-packaging/10928,0,2,0%,9.5
https://www.printnpack.ie/plain-packaging/120255,0,2,0%,9.5
https://www.printnpack.ie/plain-packaging/230007,0,2,0%,9.5
https://printnpack.ie/plain-packaging/l8dmj,0,2,0%,10
https://www.printnpack.ie/plain-packaging/100084,0,2,0%,10
https://www.printnpack.ie/plain-packaging/100310,0,2,0%,10
https://www.printnpack.ie/plain-packaging/10498,0,2,0%,10
https://www.printnpack.ie/plain-packaging/120039,0,2,0%,10
https://www.printnpack.ie/plain-packaging/160072,0,2,0%,10
https://www.printnpack.ie/plain-packaging/180010,0,2,0%,10
https://www.printnpack.ie/plain-packaging/cl8bl,0,2,0%,10
https://www.printnpack.ie/plain-packaging/ct32ropu,0,2,0%,10
https://printnpack.ie/plain-packaging/220002,0,2,0%,10.5
https://www.printnpack.ie/plain-packaging/10984484,0,2,0%,10.5
https://www.printnpack.ie/plain-packaging/120311,0,2,0%,10.5
https://www.printnpack.ie/plain-packaging/140046,0,2,0%,10.5
https://printnpack.ie/plain-packaging/20312,0,2,0%,11
https://www.printnpack.ie/plain-packaging/120842,0,2,0%,11
https://www.printnpack.ie/plain-packaging/190004,0,2,0%,11
https://printnpack.ie/plain-packaging/10112,0,2,0%,13
https://www.printnpack.ie/plain-packaging/150004,0,2,0%,13
https://printnpack.ie/plain-packaging/190001,0,2,0%,14
https://printnpack.ie/plain-packaging/10882,0,2,0%,16.5
https://printnpack.ie/plain-packaging/120125,0,2,0%,16.5
https://printnpack.ie/plain-packaging/220029,0,2,0%,18
https://www.printnpack.ie/plain-packaging/220025,0,2,0%,20
https://printnpack.ie/plain-packaging/120074,0,2,0%,30
https://www.printnpack.ie/plain-packaging/110025,0,2,0%,68.5
https://printnpack.ie/plain-packaging/120302,0,2,0%,84.5
https://printnpack.ie/plain-packaging/10984483,0,1,0%,1
https://www.printnpack.ie/plain-packaging/10951801,0,1,0%,1
https://www.printnpack.ie/plain-packaging/11003,0,1,0%,1
https://www.printnpack.ie/plain-packaging/120097,0,1,0%,1
https://www.printnpack.ie/plain-packaging/120136,0,1,0%,1
https://www.printnpack.ie/plain-packaging/120259,0,1,0%,1
https://printnpack.ie/plain-packaging/100400,0,1,0%,2
https://printnpack.ie/plain-packaging/10877,0,1,0%,2
https://printnpack.ie/plain-packaging/120187,0,1,0%,2
https://printnpack.ie/plain-packaging/120201,0,1,0%,2
https://printnpack.ie/plain-packaging/120261,0,1,0%,2
https://printnpack.ie/plain-packaging/122092,0,1,0%,2
https://printnpack.ie/plain-packaging/180024,0,1,0%,2
https://printnpack.ie/plain-packaging/20106,0,1,0%,2
https://printnpack.ie/plain-packaging/220021,0,1,0%,2
https://printnpack.ie/plain-packaging/cl8wl,0,1,0%,2
https://printnpack.ie/plain-packaging/ctscklrg,0,1,0%,2
https://www.printnpack.ie/plain-packaging/10929,0,1,0%,2
https://www.printnpack.ie/plain-packaging/109486,0,1,0%,2
https://www.printnpack.ie/plain-packaging/120125,0,1,0%,2
https://www.printnpack.ie/plain-packaging/120304,0,1,0%,2
https://www.printnpack.ie/plain-packaging/12190,0,1,0%,2
https://www.printnpack.ie/plain-packaging/122092ck,0,1,0%,2
https://www.printnpack.ie/plain-packaging/130015,0,1,0%,2
https://printnpack.ie/plain-packaging/100420,0,1,0%,3
https://printnpack.ie/plain-packaging/110026,0,1,0%,3
https://printnpack.ie/plain-packaging/120295,0,1,0%,3
https://printnpack.ie/plain-packaging/1206653,0,1,0%,3
https://www.printnpack.ie/plain-packaging/103073,0,1,0%,3
https://www.printnpack.ie/plain-packaging/120276,0,1,0%,3
https://www.printnpack.ie/plain-packaging/120351,0,1,0%,3
https://www.printnpack.ie/plain-packaging/75doyrd,0,1,0%,3
https://printnpack.ie/plain-packaging/120157,0,1,0%,4
https://printnpack.ie/plain-packaging/120283,0,1,0%,4
https://printnpack.ie/plain-packaging/120464,0,1,0%,4
https://printnpack.ie/plain-packaging/120859941,0,1,0%,4
https://printnpack.ie/plain-packaging/220007,0,1,0%,4
https://www.printnpack.ie/plain-packaging/100247,0,1,0%,4
https://www.printnpack.ie/plain-packaging/100471,0,1,0%,4
https://www.printnpack.ie/plain-packaging/1011051,0,1,0%,4
https://www.printnpack.ie/plain-packaging/160034,0,1,0%,4
https://www.printnpack.ie/plain-packaging/180012,0,1,0%,4
https://www.printnpack.ie/plain-packaging/clhppp,0,1,0%,4
https://printnpack.ie/plain-packaging/120269,0,1,0%,5
https://printnpack.ie/plain-packaging/133129,0,1,0%,5
https://printnpack.ie/plain-packaging/140080,0,1,0%,5
https://printnpack.ie/plain-packaging/160028,0,1,0%,5
https://printnpack.ie/plain-packaging/170079,0,1,0%,5
https://printnpack.ie/plain-packaging/200033,0,1,0%,5
https://printnpack.ie/plain-packaging/210028,0,1,0%,5
https://www.printnpack.ie/plain-packaging/100157,0,1,0%,5
https://www.printnpack.ie/plain-packaging/10984492,0,1,0%,5
https://www.printnpack.ie/plain-packaging/120092,0,1,0%,5
https://www.printnpack.ie/plain-packaging/120377,0,1,0%,5
https://www.printnpack.ie/plain-packaging/120378,0,1,0%,5
https://www.printnpack.ie/plain-packaging/120464,0,1,0%,5
https://www.printnpack.ie/plain-packaging/160064,0,1,0%,5
https://www.printnpack.ie/plain-packaging/170054,0,1,0%,5
https://www.printnpack.ie/plain-packaging/210028,0,1,0%,5
https://www.printnpack.ie/plain-packaging/220010,0,1,0%,5
https://www.printnpack.ie/plain-packaging/ct26ovpu,0,1,0%,5
https://printnpack.ie/plain-packaging/100102,0,1,0%,6
https://printnpack.ie/plain-packaging/10427,0,1,0%,6
https://printnpack.ie/plain-packaging/10859,0,1,0%,6
https://printnpack.ie/plain-packaging/120171,0,1,0%,6
https://printnpack.ie/plain-packaging/120284,0,1,0%,6
https://printnpack.ie/plain-packaging/120347,0,1,0%,6
https://printnpack.ie/plain-packaging/150007,0,1,0%,6
https://printnpack.ie/plain-packaging/160049,0,1,0%,6
https://printnpack.ie/plain-packaging/170067,0,1,0%,6
https://printnpack.ie/plain-packaging/2000642h,0,1,0%,6
https://www.printnpack.ie/plain-packaging/109758,0,1,0%,6
https://www.printnpack.ie/plain-packaging/120288,0,1,0%,6
https://www.printnpack.ie/plain-packaging/120333,0,1,0%,6
https://www.printnpack.ie/plain-packaging/122090ck,0,1,0%,6
https://www.printnpack.ie/plain-packaging/150000,0,1,0%,6
https://www.printnpack.ie/plain-packaging/160052,0,1,0%,6
https://www.printnpack.ie/plain-packaging/160053,0,1,0%,6
https://www.printnpack.ie/plain-packaging/ctsq250,0,1,0%,6
https://printnpack.ie/plain-packaging/100276,0,1,0%,7
https://printnpack.ie/plain-packaging/100390,0,1,0%,7
https://printnpack.ie/plain-packaging/103601,0,1,0%,7
https://printnpack.ie/plain-packaging/10802,0,1,0%,7
https://printnpack.ie/plain-packaging/10802p,0,1,0%,7
https://printnpack.ie/plain-packaging/1081426,0,1,0%,7
https://printnpack.ie/plain-packaging/10821,0,1,0%,7
https://printnpack.ie/plain-packaging/10857,0,1,0%,7
https://printnpack.ie/plain-packaging/109125,0,1,0%,7
https://printnpack.ie/plain-packaging/109758,0,1,0%,7
https://printnpack.ie/plain-packaging/12190,0,1,0%,7
https://printnpack.ie/plain-packaging/160021,0,1,0%,7
https://printnpack.ie/plain-packaging/170080,0,1,0%,7
https://printnpack.ie/plain-packaging/310037,0,1,0%,7
https://printnpack.ie/plain-packaging/l8cfw400,0,1,0%,7
https://www.printnpack.ie/plain-packaging/100057,0,1,0%,7
https://www.printnpack.ie/plain-packaging/100320,0,1,0%,7
https://www.printnpack.ie/plain-packaging/100422,0,1,0%,7
https://www.printnpack.ie/plain-packaging/1040644wh,0,1,0%,7
https://www.printnpack.ie/plain-packaging/10984483,0,1,0%,7
https://www.printnpack.ie/plain-packaging/120046,0,1,0%,7
https://www.printnpack.ie/plain-packaging/120158,0,1,0%,7
https://www.printnpack.ie/plain-packaging/120329,0,1,0%,7
https://www.printnpack.ie/plain-packaging/1206643,0,1,0%,7
https://www.printnpack.ie/plain-packaging/121882,0,1,0%,7
https://www.printnpack.ie/plain-packaging/122093,0,1,0%,7
https://www.printnpack.ie/plain-packaging/133129,0,1,0%,7
https://www.printnpack.ie/plain-packaging/160056,0,1,0%,7
https://www.printnpack.ie/plain-packaging/180023,0,1,0%,7
https://www.printnpack.ie/plain-packaging/20105h,0,1,0%,7
https://www.printnpack.ie/plain-packaging/230001,0,1,0%,7
https://www.printnpack.ie/plain-packaging/ctsq1000,0,1,0%,7
https://printnpack.ie/plain-packaging/10360,0,1,0%,8
https://printnpack.ie/plain-packaging/107067,0,1,0%,8
https://printnpack.ie/plain-packaging/109756,0,1,0%,8
https://printnpack.ie/plain-packaging/10984482,0,1,0%,8
https://printnpack.ie/plain-packaging/120159,0,1,0%,8
https://printnpack.ie/plain-packaging/120276,0,1,0%,8
https://printnpack.ie/plain-packaging/120348,0,1,0%,8
https://printnpack.ie/plain-packaging/140081,0,1,0%,8
https://printnpack.ie/plain-packaging/140091,0,1,0%,8
https://printnpack.ie/plain-packaging/160007,0,1,0%,8
https://printnpack.ie/plain-packaging/160041,0,1,0%,8
https://printnpack.ie/plain-packaging/199982,0,1,0%,8
https://printnpack.ie/plain-packaging/200036,0,1,0%,8
https://printnpack.ie/plain-packaging/220010,0,1,0%,8
https://printnpack.ie/plain-packaging/cl12bl,0,1,0%,8
https://www.printnpack.ie/images/pizza-boxes/PIZZA_BOX_1.jpg,0,1,0%,8
https://www.printnpack.ie/plain-packaging/109557,0,1,0%,8
https://www.printnpack.ie/plain-packaging/10984490,0,1,0%,8
https://www.printnpack.ie/plain-packaging/120270,0,1,0%,8
https://www.printnpack.ie/plain-packaging/120338,0,1,0%,8
https://www.printnpack.ie/plain-packaging/120494,0,1,0%,8
https://www.printnpack.ie/plain-packaging/12206,0,1,0%,8
https://www.printnpack.ie/plain-packaging/122104,0,1,0%,8
https://www.printnpack.ie/plain-packaging/122174,0,1,0%,8
https://www.printnpack.ie/plain-packaging/130046,0,1,0%,8
https://www.printnpack.ie/plain-packaging/170055,0,1,0%,8
https://www.printnpack.ie/plain-packaging/170058,0,1,0%,8
https://www.printnpack.ie/plain-packaging/190001,0,1,0%,8
https://www.printnpack.ie/plain-packaging/200032,0,1,0%,8
https://www.printnpack.ie/plain-packaging/20282,0,1,0%,8
https://www.printnpack.ie/plain-packaging/210025,0,1,0%,8
https://printnpack.ie/plain-packaging/100431,0,1,0%,9
https://printnpack.ie/plain-packaging/1040644wh,0,1,0%,9
https://printnpack.ie/plain-packaging/120260,0,1,0%,9
https://printnpack.ie/plain-packaging/120272,0,1,0%,9
https://printnpack.ie/plain-packaging/120377,0,1,0%,9
https://printnpack.ie/plain-packaging/180017,0,1,0%,9
https://printnpack.ie/plain-packaging/ct16soppl,0,1,0%,9
https://www.printnpack.ie/plain-packaging/100328,0,1,0%,9
https://www.printnpack.ie/plain-packaging/100354,0,1,0%,9
https://www.printnpack.ie/plain-packaging/100420,0,1,0%,9
https://www.printnpack.ie/plain-packaging/102352,0,1,0%,9
https://www.printnpack.ie/plain-packaging/10609,0,1,0%,9
https://www.printnpack.ie/plain-packaging/10930,0,1,0%,9
https://www.printnpack.ie/plain-packaging/120162,0,1,0%,9
https://www.printnpack.ie/plain-packaging/120310,0,1,0%,9
https://www.printnpack.ie/plain-packaging/120350,0,1,0%,9
https://www.printnpack.ie/plain-packaging/1206659,0,1,0%,9
https://www.printnpack.ie/plain-packaging/122175,0,1,0%,9
https://www.printnpack.ie/plain-packaging/150010,0,1,0%,9
https://www.printnpack.ie/plain-packaging/180021,0,1,0%,9
https://www.printnpack.ie/plain-packaging/ctl32ropu,0,1,0%,9
https://printnpack.ie/plain-packaging/100311,0,1,0%,10
https://printnpack.ie/plain-packaging/100318,0,1,0%,10
https://printnpack.ie/plain-packaging/10931,0,1,0%,10
https://printnpack.ie/plain-packaging/10945,0,1,0%,10
https://printnpack.ie/plain-packaging/10984489,0,1,0%,10
https://printnpack.ie/plain-packaging/120122,0,1,0%,10
https://printnpack.ie/plain-packaging/130022,0,1,0%,10
https://printnpack.ie/plain-packaging/140068,0,1,0%,10
https://printnpack.ie/plain-packaging/140086,0,1,0%,10
https://printnpack.ie/plain-packaging/160074,0,1,0%,10
https://printnpack.ie/plain-packaging/220001,0,1,0%,10
https://www.printnpack.ie/plain-packaging/100345,0,1,0%,10
https://www.printnpack.ie/plain-packaging/100347,0,1,0%,10
https://www.printnpack.ie/plain-packaging/10123,0,1,0%,10
https://www.printnpack.ie/plain-packaging/103493,0,1,0%,10
https://www.printnpack.ie/plain-packaging/10802p,0,1,0%,10
https://www.printnpack.ie/plain-packaging/109756,0,1,0%,10
https://www.printnpack.ie/plain-packaging/10984494,0,1,0%,10
https://www.printnpack.ie/plain-packaging/120059,0,1,0%,10
https://www.printnpack.ie/plain-packaging/120096,0,1,0%,10
https://www.printnpack.ie/plain-packaging/120157,0,1,0%,10
https://www.printnpack.ie/plain-packaging/130024,0,1,0%,10
https://www.printnpack.ie/plain-packaging/140009,0,1,0%,10
https://www.printnpack.ie/plain-packaging/160038,0,1,0%,10
https://www.printnpack.ie/plain-packaging/160043,0,1,0%,10
https://www.printnpack.ie/plain-packaging/210004,0,1,0%,10
https://www.printnpack.ie/plain-packaging/220034,0,1,0%,10
https://www.printnpack.ie/plain-packaging/230000,0,1,0%,10
https://www.printnpack.ie/plain-packaging/ctsq750,0,1,0%,10
https://printnpack.ie/plain-packaging/100223,0,1,0%,11
https://printnpack.ie/plain-packaging/10500,0,1,0%,11
https://printnpack.ie/plain-packaging/120044,0,1,0%,11
https://printnpack.ie/plain-packaging/123301,0,1,0%,11
https://printnpack.ie/plain-packaging/199991,0,1,0%,11
https://printnpack.ie/plain-packaging/20282,0,1,0%,11
https://printnpack.ie/plain-packaging/230001,0,1,0%,11
https://printnpack.ie/plain-packaging/310034,0,1,0%,11
https://printnpack.ie/plain-packaging/55doyrd,0,1,0%,11
https://www.printnpack.ie/plain-packaging/100189,0,1,0%,11
https://www.printnpack.ie/plain-packaging/100349,0,1,0%,11
https://www.printnpack.ie/plain-packaging/100476,0,1,0%,11
https://www.printnpack.ie/plain-packaging/101102,0,1,0%,11
https://www.printnpack.ie/plain-packaging/103718,0,1,0%,11
https://www.printnpack.ie/plain-packaging/10832,0,1,0%,11
https://www.printnpack.ie/plain-packaging/10984489,0,1,0%,11
https://www.printnpack.ie/plain-packaging/120271,0,1,0%,11
https://www.printnpack.ie/plain-packaging/120339,0,1,0%,11
https://www.printnpack.ie/plain-packaging/12207,0,1,0%,11
https://www.printnpack.ie/plain-packaging/140066,0,1,0%,11
https://www.printnpack.ie/plain-packaging/140094,0,1,0%,11
https://www.printnpack.ie/plain-packaging/199962,0,1,0%,11
https://www.printnpack.ie/plain-packaging/20276,0,1,0%,11
https://www.printnpack.ie/plain-packaging/210022,0,1,0%,11
https://printnpack.ie/plain-packaging/100315,0,1,0%,12
https://printnpack.ie/plain-packaging/100456,0,1,0%,12
https://printnpack.ie/plain-packaging/109292,0,1,0%,12
https://printnpack.ie/plain-packaging/11003,0,1,0%,12
https://printnpack.ie/plain-packaging/ctc12,0,1,0%,12
https://www.printnpack.ie/plain-packaging/102350,0,1,0%,12
https://www.printnpack.ie/plain-packaging/10503,0,1,0%,12
https://www.printnpack.ie/plain-packaging/10951803,0,1,0%,12
https://www.printnpack.ie/plain-packaging/10984486,0,1,0%,12
https://www.printnpack.ie/plain-packaging/120093,0,1,0%,12
https://www.printnpack.ie/plain-packaging/120187,0,1,0%,12
https://www.printnpack.ie/plain-packaging/120273,0,1,0%,12
https://www.printnpack.ie/plain-packaging/130034,0,1,0%,12
https://www.printnpack.ie/plain-packaging/160051,0,1,0%,12
https://www.printnpack.ie/plain-packaging/199993,0,1,0%,12
https://www.printnpack.ie/plain-packaging/2000042,0,1,0%,12
https://printnpack.ie/plain-packaging/100471,0,1,0%,13
https://printnpack.ie/plain-packaging/220022,0,1,0%,13
https://www.printnpack.ie/_next/image?url=/ifa/product/corriboard/coroplast-yard-signs.jpg&w=3840&q=75,0,1,0%,13
https://www.printnpack.ie/plain-packaging/100102,0,1,0%,13
https://www.printnpack.ie/plain-packaging/100218,0,1,0%,13
https://www.printnpack.ie/plain-packaging/100356,0,1,0%,13
https://www.printnpack.ie/plain-packaging/101005,0,1,0%,13
https://www.printnpack.ie/plain-packaging/1022211,0,1,0%,13
https://www.printnpack.ie/plain-packaging/10251,0,1,0%,13
https://www.printnpack.ie/plain-packaging/10502,0,1,0%,13
https://www.printnpack.ie/plain-packaging/109400,0,1,0%,13
https://printnpack.ie/plain-packaging/150009,0,1,0%,14
https://printnpack.ie/plain-packaging/150010,0,1,0%,14
https://printnpack.ie/plain-packaging/20100,0,1,0%,15
https://www.printnpack.ie/plain-packaging/10426,0,1,0%,15
https://www.printnpack.ie/plain-packaging/120243,0,1,0%,15
https://printnpack.ie/plain-packaging/190004,0,1,0%,16
https://www.printnpack.ie/plain-packaging/120343,0,1,0%,16
https://printnpack.ie/plain-packaging/120163,0,1,0%,18
https://printnpack.ie/plain-packaging/121950,0,1,0%,18
https://www.printnpack.ie/_next/image?url=/images/products/bagasse-burger-box/1.png&w=3840&q=75,0,1,0%,18
https://www.printnpack.ie/_next/image?url=/ifa/product/corriboard/corrugated-plastic-signs.jpg&w=3840&q=75,0,1,0%,20
https://www.printnpack.ie/images/pizza-boxes/PIZZA_BOX_3.jpg,0,1,0%,22
https://www.printnpack.ie/images/pizza-boxes/PIZZA_BOX_2.jpg,0,1,0%,23
https://www.printnpack.ie/plain-packaging/109755,0,1,0%,23
https://www.printnpack.ie/plain-packaging/103716,0,1,0%,28
https://www.printnpack.ie/plain-packaging/110014,0,1,0%,28
https://www.printnpack.ie/plain-packaging/140068,0,1,0%,28
https://printnpack.ie/plain-packaging/101232,0,1,0%,34
https://www.printnpack.ie/plain-packaging/ctrd375,0,1,0%,67
https://printnpack.ie/plain-packaging/1219510,0,1,0%,78
https://printnpack.ie/plain-packaging/12196011,0,1,0%,135
https://www.printnpack.ie/plain-packaging/1219510,0,1,0%,176