Top queries,Clicks,Impressions,CTR,Position
printnpack,21,68,30.88%,4.13
print n pack,10,42,23.81%,5.07
print and pack,1,79,1.27%,52.05
rubber stamps ireland,1,56,1.79%,20.38
photo printing near me,1,9,11.11%,3.33
print pack,1,9,11.11%,4.56
photocopying services near me,1,9,11.11%,5
linen feel disposable napkins,1,8,12.5%,38.75
printing services,1,7,14.29%,1.14
where to make business cards,1,3,33.33%,1.67
personalised paper napkins,1,3,33.33%,13.33
packaging printers,1,3,33.33%,38.67
printer supplies near me,1,2,50%,1
nearest printing shop near me,1,2,50%,1.5
printing.shop near me,1,2,50%,1.5
pizza box print,1,2,50%,8
local printing company near me,1,1,100%,1
stickers printing ireland,1,1,100%,1
t shirt printing meath,1,1,100%,1
tyvek paper near me,1,1,100%,1
any printing shop near me,1,1,100%,2
banner printing,1,1,100%,2
card printer near me,1,1,100%,2
laminating services,1,1,100%,2
photo printing kiosk near me,1,1,100%,2
shrink wrap near me,1,1,100%,2
custom print packaging,1,1,100%,3
coloured paper near me,1,1,100%,5
decals,0,158,0%,35.08
printed flat handle bags,0,95,0%,62.6
pull up banners meath,0,94,0%,26.94
pizza box,0,81,0%,10.91
leaflets ireland,0,79,0%,35.54
custom posters,0,71,0%,35.1
customisable posters,0,67,0%,46.64
custom vinyl stickers,0,60,0%,26.65
stickers ireland,0,59,0%,48.92
printed flat handle paper bags,0,59,0%,62.73
flat leaflets,0,59,0%,73.66
print posters ireland,0,58,0%,55.98
printed banners,0,57,0%,78.82
printing ashbourne,0,56,0%,3.2
trade show banners,0,55,0%,17.09
printed boxes,0,52,0%,29.35
a4 poster printing,0,51,0%,60.22
vinyl stickers ireland,0,49,0%,22.61
can you get same day custom seals in ireland,0,48,0%,21
photo printing ashbourne,0,46,0%,1.96
bag printing,0,46,0%,68.04
paper straws wholesale ireland,0,45,0%,8.27
portable tradeshow banners,0,45,0%,18.31
branded apparel in ireland,0,43,0%,37.53
pvc banners,0,43,0%,90.09
custom vinyl stickers ireland,0,42,0%,21.36
vinyl stickers,0,41,0%,33.05
print shop near me,0,35,0%,2.06
custom boxes,0,35,0%,45.66
poster design services,0,34,0%,28.26
print posters,0,33,0%,60.24
stamp printing,0,32,0%,38.09
paper napkins,0,31,0%,65.68
large pvc banners,0,31,0%,77.68
pizza boxes,0,30,0%,12.37
custom poster,0,30,0%,64.27
poster printing,0,29,0%,62.93
printed outdoor banners,0,29,0%,73.41
outdoor banners,0,29,0%,78.03
poster printing services ireland,0,28,0%,72.07
independent packaging and print,0,27,0%,51.3
custom decals ireland,0,26,0%,16.77
printed boards,0,26,0%,55.42
cheap pvc banners,0,26,0%,74.42
printing near me,0,25,0%,2.32
retail packaging,0,25,0%,28.72
custom posters ireland,0,25,0%,31.04
banners print,0,25,0%,76.6
business card maker,0,24,0%,7.79
leaflets,0,24,0%,50.75
cocktail napkins,0,24,0%,56.29
personalised poster,0,24,0%,59.08
vinyl printing ireland,0,23,0%,37.96
decal stickers ireland,0,22,0%,25.73
custom packaging and print management,0,22,0%,27.36
custom boxes ireland,0,22,0%,30.36
exhibition printing,0,22,0%,60.27
pizza liners,0,22,0%,62.32
box pizza,0,21,0%,10.86
custom car decals ireland,0,21,0%,22.81
web-to-pack,0,21,0%,49.52
packaging printing,0,20,0%,34.8
custom car stickers ireland,0,20,0%,42.45
business stamp,0,20,0%,52.75
packaging roll stands,0,20,0%,64.05
outdoor vinyl,0,19,0%,44.68
company stamp ireland,0,19,0%,45.79
outdoor banners ireland,0,18,0%,64.33
pizza box liners,0,18,0%,70.44
custom sticker pack,0,17,0%,26.71
retail packaging products,0,17,0%,26.76
vinyl banners printing,0,17,0%,27.18
decal stickers,0,17,0%,44.12
custom stamp,0,17,0%,48.18
print a4 poster,0,17,0%,53.59
napkins,0,17,0%,86.41
trade show displays in ireland,0,16,0%,48.12
packaging for retail products,0,15,0%,21.33
correx sheets near me,0,15,0%,24.8
packaging for retail,0,15,0%,26.73
custom stamps,0,15,0%,47.07
wholesale retail packaging,0,15,0%,48.67
poster printing large format,0,15,0%,66.67
roll up banner printing meath,0,14,0%,11.93
correx board printing,0,14,0%,17.64
correx printing,0,14,0%,19.64
print box,0,14,0%,22
foamex boards,0,14,0%,30.43
packaging retail,0,14,0%,35.14
poster print,0,14,0%,55.5
7/50x200,0,13,0%,8
correx sign printing,0,13,0%,19.54
personalised decals,0,13,0%,31.62
correx,0,13,0%,32
flat handle bags,0,13,0%,34.31
branded clothing and apparel,0,13,0%,35.54
foamex board ireland,0,13,0%,39.62
clear correx sheets,0,13,0%,46.08
catering packaging suppliers,0,13,0%,67.54
"""pack.ie"" packaging",0,12,0%,8.08
bespoke printing,0,12,0%,21.92
custom food packaging,0,12,0%,28.42
foamex,0,12,0%,34
a5 tri-fold leaflets mallorca,0,12,0%,39.08
vinyl stickers printing,0,12,0%,42
product packaging,0,12,0%,44.75
printer near me,0,11,0%,2.73
print and packaging,0,11,0%,4.64
correx board,0,11,0%,10.55
retail packaging papers,0,11,0%,24.18
food packaging for retail,0,11,0%,28.64
burger boxes,0,11,0%,31.73
personalised stamps ireland,0,11,0%,37.27
customised apparel,0,11,0%,47.45
print solution,0,11,0%,50.91
white twisted handle paper bags,0,11,0%,52.27
vinyl stickers dublin,0,11,0%,54.36
foamex printing,0,11,0%,59.36
stickers custom,0,11,0%,65.09
conference printing services,0,11,0%,77.55
printed flat counter bags,0,11,0%,78.18
print,0,10,0%,1.1
printer,0,10,0%,2.1
print near me,0,10,0%,3.1
photo printing,0,10,0%,6.1
decals ireland,0,10,0%,30.1
linen feel paper napkins,0,10,0%,32.1
customized food packaging,0,10,0%,35.6
foamex panels,0,10,0%,48.1
packaging supplies retail,0,10,0%,48.5
print solutions,0,10,0%,58.6
personalised stamps,0,10,0%,60.7
printing solutions,0,10,0%,63.6
sticker printing service,0,10,0%,65.8
+panel +print,0,10,0%,83.6
print shop ashbourne,0,9,0%,1.78
where can i print documents near me,0,9,0%,2.67
custom pizza boxes,0,9,0%,10.67
personalised napkins ireland,0,9,0%,16.78
correx signs,0,9,0%,22.33
custom rubber stamps,0,9,0%,23.89
stickers and decals,0,9,0%,33.89
vinyl decal printing,0,9,0%,39.56
bulk poster printing,0,9,0%,41.11
custom stickers ireland,0,9,0%,47.11
a5 leaflet,0,9,0%,51.89
vinyl printing dublin,0,9,0%,54.44
branded flat handle bags,0,9,0%,73.78
planner printing ireland,0,9,0%,77.33
park printing,0,9,0%,78.11
flexible product packaging,0,9,0%,89.56
printing services near me,0,8,0%,1.12
graphic design,0,8,0%,9.62
wholesale packaging supplies,0,8,0%,19.38
a6 flyers,0,8,0%,31.5
printed napkins,0,8,0%,34.5
custom printing,0,8,0%,42.5
rubber stamps,0,8,0%,53.38
pvc sticker,0,8,0%,60.12
corriboard signs,0,8,0%,61.25
a5 flyers,0,8,0%,61.38
printing shop near me,0,7,0%,1.57
print shop,0,7,0%,1.71
photo copy shop near me,0,7,0%,2.86
flyer printing,0,7,0%,3.43
print photos near me,0,7,0%,4.71
card shop ashbourne,0,7,0%,5
print packaging,0,7,0%,11.14
brochure printers in meath,0,7,0%,21
custom stamps ireland,0,7,0%,24.43
retail food packaging,0,7,0%,29.29
graphic decals,0,7,0%,39.29
linen feel napkins,0,7,0%,49.43
correx plastic sheet,0,7,0%,56.14
foamex signs,0,7,0%,62.14
pvc stickers,0,7,0%,70.43
business printing,0,6,0%,1.83
print copy and go near me,0,6,0%,1.83
photo copy near me,0,6,0%,2
printer ink near me,0,6,0%,4.83
printers near me,0,6,0%,5
bagasse burger box,0,6,0%,5.83
pizza boxes ireland,0,6,0%,23.33
luxury paper napkins linen feel,0,6,0%,26.33
brand pack,0,6,0%,29
customize vinyl stickers,0,6,0%,29.5
vinyl banners,0,6,0%,32.83
print vinyl stickers,0,6,0%,33.83
vinyl sticker,0,6,0%,35.33
printed paper napkins,0,6,0%,35.67
print trade show banners,0,6,0%,40.17
car sticker printing,0,6,0%,50.67
custom car stickers,0,6,0%,54.67
print on demand ireland,0,6,0%,59.17
rubber stamp,0,6,0%,61
a2 poster printing,0,6,0%,61.33
pvc banners ireland,0,6,0%,63.67
snap printing,0,5,0%,1.4
printout shop near me,0,5,0%,2.6
where to get photos printed near me,0,5,0%,3.2
sticker printing,0,5,0%,4.2
print shops near me,0,5,0%,4.4
factory wholesale oem small fairy cake cases,0,5,0%,6.6
package printing,0,5,0%,7
photo prints,0,5,0%,9.2
polystyrene boxes ireland,0,5,0%,11
the pizza box,0,5,0%,12.2
poster printing services meath,0,5,0%,14
4mm corriboard,0,5,0%,16.4
correx sheets,0,5,0%,18.8
matte stickers,0,5,0%,24.8
napkin printing,0,5,0%,27.6
bulk packaging supplies,0,5,0%,31.4
printed window decals,0,5,0%,33.6
small business packaging ireland,0,5,0%,36.6
signature stamp,0,5,0%,37.6
vinyl printing,0,5,0%,38.8
custom van stickers,0,5,0%,46.2
a5 paper,0,5,0%,50.2
window decals,0,5,0%,52.8
personalised napkins,0,5,0%,56
personalised vinyl stickers,0,5,0%,57.6
polystyrene recycling,0,5,0%,59.4
large banners,0,5,0%,65.6
large posters printing,0,5,0%,68.2
linen napkins ireland,0,5,0%,81.8
bubble wrap near me,0,4,0%,1.75
where to print near me,0,4,0%,2.5
document printing services near me,0,4,0%,2.75
laminating pouches,0,4,0%,2.75
card printing,0,4,0%,3.25
sticker paper,0,4,0%,3.75
print business cards,0,4,0%,4.5
printers,0,4,0%,6
photos printed,0,4,0%,9.25
leaflets printing,0,4,0%,9.5
"""packagingproducts.ie""",0,4,0%,9.75
food packaging printers,0,4,0%,11.25
flyers printing meath,0,4,0%,17.75
a5 leaflets,0,4,0%,21.25
eco sandwich packaging,0,4,0%,25.75
print plus,0,4,0%,28.75
small printing service meath,0,4,0%,29
print now,0,4,0%,32.5
sticker company,0,4,0%,32.5
correx boards,0,4,0%,33.75
how much does it cost for 100 posters?,0,4,0%,34.25
printed vinyl stickers,0,4,0%,41.25
custom rubber stamp,0,4,0%,41.75
car stickers,0,4,0%,44.25
cardboard printing near me,0,4,0%,48.5
packaging near me,0,4,0%,49.5
sandwich packaging wholesale,0,4,0%,52
printed twisted handle paper bags,0,4,0%,53
leaflet paper a5,0,4,0%,53.75
office stamps custom,0,4,0%,54.25
promotional clothing dublin,0,4,0%,54.75
foamex board printing,0,4,0%,57.75
pvc foamex,0,4,0%,57.75
stickers ireland online,0,4,0%,59.25
disposable catering supplies,0,4,0%,68
pvc banner,0,4,0%,82.5
wedding napkins,0,4,0%,82.5
conference printing,0,4,0%,89.25
copying services near me,0,3,0%,1
digital printing pouch near me,0,3,0%,1
dtf printing near me,0,3,0%,1
photocopy near me,0,3,0%,1
printer ink near me canon,0,3,0%,1
custom print centre,0,3,0%,1.33
business cards ireland,0,3,0%,1.67
copies,0,3,0%,2.33
custom print,0,3,0%,2.33
print out near me,0,3,0%,2.67
printout near me,0,3,0%,2.67
where to print labels near me,0,3,0%,2.67
custom vinyl decals,0,3,0%,3
photocopy shop near me,0,3,0%,3
sticker printer,0,3,0%,3
a1 printing near me,0,3,0%,3.33
printing,0,3,0%,3.33
certificate printing,0,3,0%,3.67
where can i get printed t shirts near me,0,3,0%,4
large print,0,3,0%,5
packaging design services near me,0,3,0%,5
printer ink,0,3,0%,5
business cards,0,3,0%,6
business cards printing,0,3,0%,6.33
20x100,0,3,0%,6.67
business card printing,0,3,0%,6.67
print photos,0,3,0%,9
linen feel napkins factory,0,3,0%,9.67
stickers personalised,0,3,0%,9.67
factory wholesale small fairy cake cases oem,0,3,0%,10.33
shops in ashbourne,0,3,0%,10.67
retail print solutions,0,3,0%,19.33
rubber stamp ireland,0,3,0%,23.33
custom decals,0,3,0%,24.33
outdoor sign board,0,3,0%,24.33
printing packaging,0,3,0%,27.33
company stamps ireland,0,3,0%,28
foamex signage,0,3,0%,28
printing and packaging,0,3,0%,29.33
vinyl stickers and decals,0,3,0%,29.67
decals stickers,0,3,0%,34
vynl banners,0,3,0%,34.67
vinyl decals,0,3,0%,35
packaging solutions for food retail,0,3,0%,35.67
personalised serviettes,0,3,0%,35.67
personalised corrugated boxes,0,3,0%,37
print and manufacture,0,3,0%,37.33
signage pvc,0,3,0%,38
printing boxes,0,3,0%,38.67
custom packaging ireland,0,3,0%,39
rubber stamp company,0,3,0%,39
rubber stamps company,0,3,0%,40
vinyl sticker printing,0,3,0%,40.33
personalized rubber stamps,0,3,0%,43
print on vinyl,0,3,0%,44.33
company stamps,0,3,0%,44.67
personalised rubber stamps,0,3,0%,47.67
car stickers print,0,3,0%,48
rubber stamps personalised,0,3,0%,48.67
paper napkins ireland,0,3,0%,49.67
van stickers ireland,0,3,0%,52.33
poster printing ireland,0,3,0%,52.67
white paper bags with handles,0,3,0%,52.67
customized napkins,0,3,0%,54.67
vinyl wall stickers,0,3,0%,55
corriboard printing,0,3,0%,60.33
custom sustainable packaging,0,3,0%,66.33
bulk packaging,0,3,0%,67.33
printing on vinyl,0,3,0%,70
paper bags with handles,0,3,0%,71.33
bespoke decals,0,3,0%,71.67
printing comp,0,3,0%,71.67
poster and printing,0,3,0%,75.33
linen napkins,0,3,0%,81
board for printing,0,3,0%,84.67
a1 print shop near me,0,2,0%,1
a3 printing near me,0,2,0%,1
ao printers near me,0,2,0%,1
business cards near me,0,2,0%,1
business stationery printing,0,2,0%,1
cheap printing,0,2,0%,1
copys,0,2,0%,1
flat handle paper bag,0,2,0%,1
free printing and photocopying near me,0,2,0%,1
hardbound book printing,0,2,0%,1
ink pad for fingerprint near me,0,2,0%,1
logo stamp near me,0,2,0%,1
personalized photo prints,0,2,0%,1
print notes,0,2,0%,1
print on shirt,0,2,0%,1
print packing,0,2,0%,1
print paper near me,0,2,0%,1
printing and binding near me,0,2,0%,1
printing near me a4,0,2,0%,1
snap printing near me,0,2,0%,1
spiral binding nearby,0,2,0%,1
t shirt transfer paper near me,0,2,0%,1
the print shop near me,0,2,0%,1
thesis binding near me,0,2,0%,1
where to print disposable cameras,0,2,0%,1
where to print off documents near me,0,2,0%,1
where to print photos near me,0,2,0%,1
leaflet printing near me,0,2,0%,1.5
need to print a document near me,0,2,0%,1.5
photocopier near me,0,2,0%,1.5
print and scanning services near me,0,2,0%,1.5
print pdf near me,0,2,0%,1.5
print services near me,0,2,0%,1.5
printer shop near me,0,2,0%,1.5
printing shops near me,0,2,0%,1.5
where can i print near me,0,2,0%,1.5
where can i take printouts near me,0,2,0%,1.5
packs and prints,0,2,0%,2
print and copy near me,0,2,0%,2
print n,0,2,0%,2
print scan copy near me,0,2,0%,2
stamp size photo near me,0,2,0%,2
transfer paper,0,2,0%,2.5
document printing near me,0,2,0%,3
pack stickers,0,2,0%,3
photocopying near me,0,2,0%,3
printer shop.near me,0,2,0%,3
public printer near me,0,2,0%,3
copying,0,2,0%,3.5
photocopy service near me,0,2,0%,3.5
print off documents near me,0,2,0%,3.5
printer cartridges near me,0,2,0%,3.5
sublimation printing,0,2,0%,4
ao printing,0,2,0%,5
ink cartridges near me,0,2,0%,5
legal size paper near me,0,2,0%,5
linen feel,0,2,0%,5
canvas printing,0,2,0%,5.5
graphics,0,2,0%,5.5
where can i print documents,0,2,0%,5.5
picture printing,0,2,0%,6
custom printed pizza boxes,0,2,0%,6.5
fairy cake cases,0,2,0%,7
passport size photo print near me,0,2,0%,7
how much does packaging cost for a small business,0,2,0%,7.5
pizza boz,0,2,0%,7.5
stickers,0,2,0%,8
xl pizza box,0,2,0%,8
b2b printing,0,2,0%,8.5
laminating sheets,0,2,0%,9
a5 printing,0,2,0%,9.5
scan document,0,2,0%,9.5
custom hand stamps,0,2,0%,10.5
digital photo printing,0,2,0%,10.5
fast rubber stamps,0,2,0%,10.5
"18"" pizza box",0,2,0%,11
common outdoor vinyl banner sizes 3x6 4x8 3x10,0,2,0%,11.5
box poster,0,2,0%,12
pizza box printing near me,0,2,0%,12.5
print ireland,0,2,0%,12.5
banner vinyl,0,2,0%,13
customized pizza boxes,0,2,0%,13
personalised pizza boxes,0,2,0%,13
boxes pizza,0,2,0%,13.5
same day vinyl sticker printing,0,2,0%,15
branded napkins,0,2,0%,15.5
pizza box menu,0,2,0%,16
paper napkin printers,0,2,0%,17
printing package,0,2,0%,18
linen feel serviettes,0,2,0%,19
print for pack,0,2,0%,19.5
pull up banners for trade shows,0,2,0%,19.5
4x250,0,2,0%,21.5
print & packaging,0,2,0%,22
vinyl auto stickers,0,2,0%,22.5
large custom vinyl stickers,0,2,0%,23
a6 handout*nnd,0,2,0%,24
custom decal stickers,0,2,0%,24
custom printed boxes,0,2,0%,24
print vinyl,0,2,0%,25
custom box printing,0,2,0%,26
5mm corriboard,0,2,0%,26.5
custom stickers and decals,0,2,0%,27
flat handle paper bags,0,2,0%,27
packaging & printing,0,2,0%,27
custom stickers vinyl,0,2,0%,27.5
professional printing services,0,2,0%,27.5
auto vinyl graphics,0,2,0%,28.5
a6 leaflet*nnd,0,2,0%,29.5
custom decals near me,0,2,0%,29.5
personalized vinyl sticker,0,2,0%,29.5
printing supplies,0,2,0%,29.5
plastic cup packaging,0,2,0%,30.5
packaging supplies wholesale,0,2,0%,31
personalized vinyl stickers,0,2,0%,31
poster printer,0,2,0%,33.5
vinyl stickers custom,0,2,0%,33.5
print on packaging,0,2,0%,34.5
printed packaging,0,2,0%,35
decal sticker,0,2,0%,36.5
large poster printing,0,2,0%,36.5
personalised posters ireland,0,2,0%,38
box printing company,0,2,0%,39
leaflet size a5,0,2,0%,39
printing on boxes,0,2,0%,39
vinyl stickers for cars,0,2,0%,40
vinyl stickers print,0,2,0%,40
catering packaging,0,2,0%,40.5
packaging box printing,0,2,0%,40.5
poster printing next day delivery,0,2,0%,41.5
printing service meath,0,2,0%,41.5
leaflet a5,0,2,0%,42
corrugated plastic signs,0,2,0%,42.5
printed products,0,2,0%,43
box printing,0,2,0%,43.5
custom wall graphics,0,2,0%,43.5
branded food packaging,0,2,0%,44
vinyl for banners,0,2,0%,44
printed corrugated boxes,0,2,0%,45
bespoke merchandise ireland,0,2,0%,45.5
packaging and printing,0,2,0%,46
vinyl banner,0,2,0%,46.5
vinyl poster,0,2,0%,46.5
custom vinyl floor decals,0,2,0%,47
custom size poster printing,0,2,0%,48
vinyl stickers for printing,0,2,0%,48
custom auto decals,0,2,0%,48.5
vinyl graphics,0,2,0%,48.5
a5 printer paper,0,2,0%,49
custom printing posters,0,2,0%,49
a1 correx boards,0,2,0%,50.5
vinyl signage,0,2,0%,50.5
products packaging,0,2,0%,51
5mm foamex,0,2,0%,53
a5 leaflet printing,0,2,0%,54
foamex board,0,2,0%,54
packaging store near me,0,2,0%,54
auto decals,0,2,0%,54.5
custom wall vinyl,0,2,0%,54.5
black vinyl sticker,0,2,0%,55.5
correx protection sheet,0,2,0%,55.5
leaflet s,0,2,0%,57.5
custom decals for cars,0,2,0%,58
personalized wedding napkins,0,2,0%,58
car decals custom,0,2,0%,59.5
custom automotive decals,0,2,0%,60
food packaging for cafes suppliers,0,2,0%,60
vinyl personalised stickers,0,2,0%,60.5
a5 flyer,0,2,0%,61.5
exterior banners,0,2,0%,61.5
custom car decals,0,2,0%,62
doylies,0,2,0%,62
biodegradable burger boxes,0,2,0%,63.5
custom car decal,0,2,0%,63.5
custom vehicle stickers,0,2,0%,64
decal,0,2,0%,64
foamex prints,0,2,0%,64
custom takeaway boxes,0,2,0%,64.5
vehicle vinyls,0,2,0%,64.5
custom window decals,0,2,0%,66.5
van decals,0,2,0%,66.5
banners printed,0,2,0%,67.5
corriboard sign,0,2,0%,67.5
custom flat handle paper bags,0,2,0%,67.5
food packaging ireland,0,2,0%,68
poster printers,0,2,0%,68.5
leaflet sizes,0,2,0%,69
outside banners,0,2,0%,70
custom packaging,0,2,0%,73
leaflet size,0,2,0%,73
pvc banners dublin,0,2,0%,73.5
printing supplies dublin,0,2,0%,74
sticker printing services,0,2,0%,74
innovative printing,0,2,0%,76
polystyrene,0,2,0%,79.5
sustainable printing solutions ireland,0,2,0%,80
banner pvc,0,2,0%,81
plastic free packaging wholesale,0,2,0%,84
ink stamps,0,2,0%,87
750ml x 2,0,2,0%,93
expanded polystyrene,0,2,0%,95.5
"""fast delivery"" small moq -alibaba -facebook -linkedin -twitter -amazon 
-wikipedia -ebay -cnet",0,1,0%,1
2oz pot,0,1,0%,1
a3 leaflet,0,1,0%,1
a3 paper size landscape,0,1,0%,1
a3 poster printing,0,1,0%,1
a3 size,0,1,0%,1
a4 printing near me,0,1,0%,1
banner,0,1,0%,1
banners,0,1,0%,1
binding dissertation near me,0,1,0%,1
biodegradable burger box,0,1,0%,1
business card printing near me,0,1,0%,1
business cards printing near me,0,1,0%,1
copy shop,0,1,0%,1
copy shop near me,0,1,0%,1
corex signage,0,1,0%,1
document binding,0,1,0%,1
document scanning near me,0,1,0%,1
envelope near me,0,1,0%,1
flyer printer near me,0,1,0%,1
flyers printing,0,1,0%,1
foam board printing,0,1,0%,1
glossy prints near me,0,1,0%,1
heat transfer paper,0,1,0%,1
laminate documents,0,1,0%,1
laminating service near me,0,1,0%,1
local printers near me,0,1,0%,1
mailing supplies near me,0,1,0%,1
next day printing near me,0,1,0%,1
pack printing,0,1,0%,1
pamphlet price,0,1,0%,1
paper print,0,1,0%,1
paper printing,0,1,0%,1
photocopy nearby,0,1,0%,1
pizza box stickers,0,1,0%,1
pizza in box,0,1,0%,1
pizza prints,0,1,0%,1
places to do printing near me,0,1,0%,1
places to print and scan near me,0,1,0%,1
places to print near me,0,1,0%,1
print a pack,0,1,0%,1
print and copy,0,1,0%,1
print on rice paper near me,0,1,0%,1
print open now,0,1,0%,1
print pages near me,0,1,0%,1
print passport photo near me,0,1,0%,1
print shop near e,0,1,0%,1
print shop near me open now,0,1,0%,1
print shops,0,1,0%,1
printed pack,0,1,0%,1
printer colour shop near me,0,1,0%,1
printer in,0,1,0%,1
printers in near me,0,1,0%,1
printers near me for wedding invitations,0,1,0%,1
printing and signs near me,0,1,0%,1
printing brochures,0,1,0%,1
printing carton boxes,0,1,0%,1
printing ink,0,1,0%,1
printing kiosks near me,0,1,0%,1
printing out documents near me,0,1,0%,1
printing vinyl near me,0,1,0%,1
priny,0,1,0%,1
professional printing services near me,0,1,0%,1
prontaprint,0,1,0%,1
same day business cards near me,0,1,0%,1
scanning printing near me,0,1,0%,1
spiral binding,0,1,0%,1
sticker print shops near me,0,1,0%,1
stickers printed,0,1,0%,1
t shirt printing,0,1,0%,1
t shirt transfer paper,0,1,0%,1
t-shirt printing near me,0,1,0%,1
thermal labels near me,0,1,0%,1
twisted bag,0,1,0%,1
what is the size of a3 size paper,0,1,0%,1
where can i buy a box for shipping,0,1,0%,1
where can i get an a1 poster printed,0,1,0%,1
where can i go to get documents printed,0,1,0%,1
where can i make business cards,0,1,0%,1
where can you print things out,0,1,0%,1
where to get photos developed,0,1,0%,1
where to get something embroidered near me,0,1,0%,1
where to get something printed,0,1,0%,1
where to get stickers made,0,1,0%,1
where to get vinyl stickers made,0,1,0%,1
where to print out posters,0,1,0%,1
a2 paper near me,0,1,0%,2
business sign near me,0,1,0%,2
coloured printer near me,0,1,0%,2
copy and scanning services near me,0,1,0%,2
copy centres near me,0,1,0%,2
copy fax print near me,0,1,0%,2
copy near me,0,1,0%,2
custom print shop,0,1,0%,2
embalagens perto de mim,0,1,0%,2
gold foil printing near me,0,1,0%,2
graphics cards near me,0,1,0%,2
i need to print documents near me,0,1,0%,2
ink near me printer,0,1,0%,2
jumper printing near me,0,1,0%,2
label maker near me,0,1,0%,2
label printer paper,0,1,0%,2
laminating services near me open now,0,1,0%,2
ncr books printing,0,1,0%,2
near photo copy shop,0,1,0%,2
office printing near me,0,1,0%,2
onde imprimir documentos perto de mim,0,1,0%,2
one stop print shop near me,0,1,0%,2
passport photo printing near me,0,1,0%,2
pizza 120764,0,1,0%,2
plastic printing,0,1,0%,2
plastic printing services near me,0,1,0%,2
poster printing near me,0,1,0%,2
poster pronter,0,1,0%,2
print & design,0,1,0%,2
print a tshirt,0,1,0%,2
print and copy near me open now,0,1,0%,2
print and laminate shop near me,0,1,0%,2
print copy scan near me,0,1,0%,2
print out shops near me,0,1,0%,2
print photo near me,0,1,0%,2
print photos from phone near me,0,1,0%,2
print supplies,0,1,0%,2
printer cartridge refill near me,0,1,0%,2
printer kiosks,0,1,0%,2
printer shops near me,0,1,0%,2
printera,0,1,0%,2
printing a document,0,1,0%,2
printing a2 near me,0,1,0%,2
printing boards,0,1,0%,2
printing business cards,0,1,0%,2
printon,0,1,0%,2
printpack,0,1,0%,2
professional print shop near me,0,1,0%,2
retail wrapping paper,0,1,0%,2
same day printers,0,1,0%,2
scan copies near me,0,1,0%,2
self adhesive vinyl printing near me,0,1,0%,2
somewhere i can print near me,0,1,0%,2
spiral bound near me,0,1,0%,2
sticker paper for printer,0,1,0%,2
stickers shop near me,0,1,0%,2
uv stickers,0,1,0%,2
where can i bind papers near me,0,1,0%,2
where can i get photocopies near me,0,1,0%,2
where can i get photos printed near me,0,1,0%,2
where can i get something laminated near me,0,1,0%,2
where can i laminate paper near me,0,1,0%,2
where can i print,0,1,0%,2
where can i print a document near me,0,1,0%,2
where can i print colour documents,0,1,0%,2
where can i print off pictures,0,1,0%,2
where can i print picture,0,1,0%,2
where can i print something out,0,1,0%,2
where can we get printouts near me,0,1,0%,2
where does laminating near me,0,1,0%,2
where to get prints done,0,1,0%,2
where to get small pictures printed,0,1,0%,2
where to photocopy near me,0,1,0%,2
where to print documents near me,0,1,0%,2
window decal,0,1,0%,2
with prices?,0,1,0%,2
a2 printing,0,1,0%,3
bagasse box,0,1,0%,3
best print,0,1,0%,3
business near me,0,1,0%,3
card printer,0,1,0%,3
correx board price,0,1,0%,3
custom business cards,0,1,0%,3
custom made stickers near me,0,1,0%,3
custom stamp and ink pad,0,1,0%,3
design your own pizza box,0,1,0%,3
get stickers printed,0,1,0%,3
id card printing,0,1,0%,3
laminators for sale,0,1,0%,3
northwest printing services,0,1,0%,3
photo paper,0,1,0%,3
photocopying services near me open now,0,1,0%,3
poster printing paper,0,1,0%,3
print a poster,0,1,0%,3
print and package,0,1,0%,3
print bw pcg ie,0,1,0%,3
printing pictures,0,1,0%,3
printlab,0,1,0%,3
roller banner print,0,1,0%,3
snap print,0,1,0%,3
"040101010.02.1.0001!82,3,3,0,4,2,0,0,2,1,1,0,7,2,1,0,1,1,0,0,1,0,0,1,0,2,0,2,1,0,1,0,2,4,14,306,2,3!0!0",0,1,0%,4
85oz popcorn,0,1,0%,4
baggase box,0,1,0%,4
buy prints,0,1,0%,4
cards printing near me,0,1,0%,4
copying paper,0,1,0%,4
flyers and business cards,0,1,0%,4
imprint,0,1,0%,4
leaflet printing,0,1,0%,4
linen feel cocktail napkins,0,1,0%,4
new print,0,1,0%,4
printer paper bulk,0,1,0%,4
stickers printing,0,1,0%,4
the range pizza boxes,0,1,0%,4
vinyl stickers bulk,0,1,0%,4
"""catalogue #265344"" ""clamshell""",0,1,0%,5
b2b packaging,0,1,0%,5
binding shop near me,0,1,0%,5
birthday card printing near me,0,1,0%,5
card shop near me,0,1,0%,5
clothing printing near me,0,1,0%,5
copy documents near me,0,1,0%,5
copyshop near me,0,1,0%,5
fax,0,1,0%,5
fax machines,0,1,0%,5
flashprint,0,1,0%,5
get photos printed cheap,0,1,0%,5
grab bags,0,1,0%,5
how much do pizza boxes cost,0,1,0%,5
ink for printer near me,0,1,0%,5
laminator,0,1,0%,5
nearby printout shop,0,1,0%,5
order photos fast delivery,0,1,0%,5
packing cover printing,0,1,0%,5
photo centre near me,0,1,0%,5
photo developing near me,0,1,0%,5
photo print near me,0,1,0%,5
photo print out near me,0,1,0%,5
photo print shop near me,0,1,0%,5
photo printer near me,0,1,0%,5
photocopy passport,0,1,0%,5
photocopy scan near me,0,1,0%,5
picture printing near me,0,1,0%,5
print copy near me,0,1,0%,5
printed business cards,0,1,0%,5
printer facility near me,0,1,0%,5
printers for sale near me,0,1,0%,5
printing document shop near me,0,1,0%,5
printing pictures near me,0,1,0%,5
printing press,0,1,0%,5
scan photocopy near me,0,1,0%,5
sticker works near me,0,1,0%,5
t shirt making shop near me,0,1,0%,5
tp decals,0,1,0%,5
vinyl car decals custom,0,1,0%,5
where can i get documents printed near me,0,1,0%,5
where can i get pictures printed near me,0,1,0%,5
where can i get something printed near me,0,1,0%,5
where can i print photos near me,0,1,0%,5
where can you print posters near me,0,1,0%,5
where to get something printed near me,0,1,0%,5
where to photo copy near me,0,1,0%,5
where to print a4 paper near me,0,1,0%,5
a4 picture printing,0,1,0%,6
banner printed,0,1,0%,6
cake photo printing,0,1,0%,6
correx 5mm,0,1,0%,6
custom canvas prints,0,1,0%,6
custom soup cup lids,0,1,0%,6
document scan,0,1,0%,6
packaging design and printing,0,1,0%,6
photo centre,0,1,0%,6
photo printing machine near me,0,1,0%,6
print flyers,0,1,0%,6
printing posters,0,1,0%,6
the printer,0,1,0%,6
where can i buy bubble wrap near me,0,1,0%,6
where can i photocopy documents near me,0,1,0%,6
where prints photos near me,0,1,0%,6
where to buy cool stickers,0,1,0%,6
100 pack,0,1,0%,7
custom printed sos bags,0,1,0%,7
get stamp made,0,1,0%,7
halls printing,0,1,0%,7
instant print,0,1,0%,7
laminating near me,0,1,0%,7
leinter,0,1,0%,7
ok,0,1,0%,7
pack,0,1,0%,7
packaging wholesale,0,1,0%,7
pizz box,0,1,0%,7
priniting near me,0,1,0%,7
print locally,0,1,0%,7
print services,0,1,0%,7
printed napkins near me,0,1,0%,7
printer and copy,0,1,0%,7
rollerbanners,0,1,0%,7
same day stamp,0,1,0%,7
where can i get pictures developed from my phone,0,1,0%,7
where can i print return label,0,1,0%,7
where to print photos from my phone,0,1,0%,7
brown paper roll,0,1,0%,8
business card printing ireland,0,1,0%,8
caterpp,0,1,0%,8
fairy cake boxes,0,1,0%,8
get photos printed,0,1,0%,8
graph paper,0,1,0%,8
ink printer,0,1,0%,8
internet printing near me,0,1,0%,8
label printing,0,1,0%,8
label printing machine,0,1,0%,8
large photo prints,0,1,0%,8
local print shop,0,1,0%,8
next day stamps,0,1,0%,8
party print,0,1,0%,8
personalised mugs,0,1,0%,8
pfinter,0,1,0%,8
pizza box delivery,0,1,0%,8
pizza boxxs,0,1,0%,8
printing booklets,0,1,0%,8
printing photos near me,0,1,0%,8
stamp same day delivery,0,1,0%,8
what is eps packaging,0,1,0%,8
where can i print photos,0,1,0%,8
where to get envelope,0,1,0%,8
bucket of popcorn,0,1,0%,9
bulk posters printing,0,1,0%,9
card printer machine,0,1,0%,9
cocktail napkins printed,0,1,0%,9
custom made pizza boxes,0,1,0%,9
get a tshirt printed,0,1,0%,9
label printer,0,1,0%,9
outdoor vinyl banner,0,1,0%,9
paper,0,1,0%,9
photo books,0,1,0%,9
pizza bix,0,1,0%,9
pizza box printing company,0,1,0%,9
premium napkins,0,1,0%,9
price of packaging,0,1,0%,9
tradeshow banner,0,1,0%,9
18 pizza box,0,1,0%,10
custom.pizza boxes,0,1,0%,10
customised pizza boxes,0,1,0%,10
customize pizza box,0,1,0%,10
fish and chip boxes wholesale,0,1,0%,10
foamex thicknesses,0,1,0%,10
ink,0,1,0%,10
polystyrene packaging,0,1,0%,10
print a label,0,1,0%,10
print cartridges,0,1,0%,10
print_blessington_dublin,0,1,0%,10
printed paper cocktail napkins,0,1,0%,10
printing magnetic sheets,0,1,0%,10
printings n,0,1,0%,10
uv banner printing,0,1,0%,10
van vinyl stickers,0,1,0%,10
vinyl print out,0,1,0%,10
where do you buy stamps,0,1,0%,10
where to print,0,1,0%,10
δειξε εικονεσ,0,1,0%,10
5mm correx,0,1,0%,11
acetate printing,0,1,0%,11
banner pack,0,1,0%,11
business card design,0,1,0%,11
custom made stamps,0,1,0%,11
get custom stamp made,0,1,0%,11
kraft sandwich box window,0,1,0%,11
photo book printing,0,1,0%,11
print a6 cards,0,1,0%,11
print and go,0,1,0%,11
printco,0,1,0%,11
printing decals,0,1,0%,11
retail packaging printing,0,1,0%,11
shipping bags,0,1,0%,11
trade show roll up banner,0,1,0%,11
white pizza boxes wholesale,0,1,0%,11
85 oz,0,1,0%,12
a1 poster printing,0,1,0%,12
a3 leaflets,0,1,0%,12
banner vinyl supplies,0,1,0%,12
custom napkins fast delivery,0,1,0%,12
glossy photo paper,0,1,0%,12
jp print n pack,0,1,0%,12
order a canvas print,0,1,0%,12
packaging pricing,0,1,0%,12
photo print,0,1,0%,12
pizza boxes custom,0,1,0%,12
postcard machine,0,1,0%,12
printing and packaging company,0,1,0%,12
brochure printing,0,1,0%,13
business stickers,0,1,0%,13
custom cards,0,1,0%,13
customized food boxes,0,1,0%,13
digitalprinting,0,1,0%,13
good quality photo printing,0,1,0%,13
ink near me,0,1,0%,13
ink pad,0,1,0%,13
large vinyl prints,0,1,0%,13
n,0,1,0%,13
packaging and printing company,0,1,0%,13
packaging graphic designers,0,1,0%,13
personalized stickers,0,1,0%,13
photo printer,0,1,0%,13
photobook printing,0,1,0%,13
photocopy service,0,1,0%,13
pizza box offers,0,1,0%,13
pizza box printing,0,1,0%,13
poster a4 print,0,1,0%,13
print a photo,0,1,0%,13
printing paper with designs,0,1,0%,13
add printing packaging,0,1,0%,14
brochure stand,0,1,0%,14
graphic customization,0,1,0%,14
ice cream paper cup,0,1,0%,14
id card printer,0,1,0%,14
paper bag printing near me,0,1,0%,14
personalised migs,0,1,0%,14
pizza box packaging,0,1,0%,14
print n go,0,1,0%,14
print on canvas,0,1,0%,14
print sweatshirt,0,1,0%,14
printing canvas,0,1,0%,14
vinyl advertising banners,0,1,0%,14
where can you print photos from phone,0,1,0%,14
8x10 pizza box,0,1,0%,15
display banners for trade shows,0,1,0%,15
print paper bags,0,1,0%,15
printer in phone,0,1,0%,15
roll up signs for trade shows,0,1,0%,15
rubber stamp signature,0,1,0%,15
trade banners,0,1,0%,15
trade show roll up banners,0,1,0%,15
blank id cards,0,1,0%,16
business card holders,0,1,0%,16
certificate printing paper,0,1,0%,16
logo printer,0,1,0%,16
personalised clothing packaging,0,1,0%,16
pizzabpx,0,1,0%,16
press and seal wrap,0,1,0%,16
print a4 photos,0,1,0%,16
print on tops,0,1,0%,16
printer and copier near me,0,1,0%,16
vinyl stickers next day delivery,0,1,0%,16
custom food packaging boxes,0,1,0%,17
for ireland?,0,1,0%,17
printing 50x70cm,0,1,0%,17